Ticker,Status
AAPL,Active
NVDA,Active
MSFT,Active
AMZN,Active
META,Active
GOOGL,Active
GOOG,Active
BRK-A,Active
BRK-B,Active
AVGO,Active
TSLA,Active
LLY,Active
JPM,Active
XOM,Active
UNH,Active
V,Active
MA,Active
HD,Active
PG,Active
COST,Active
JNJ,Active
ABBV,Active
WMT,Active
NFLX,Active
BAC,Active
CRM,Active
ORCL,Active
MRK,Active
CVX,Active
KO,Active
AMD,Active
PEP,Active
WFC,Active
CSCO,Active
LIN,Active
ACN,Active
ADBE,Active
MCD,Active
TMO,Active
PM,Active
ABT,Active
NOW,Active
IBM,Active
GE,Active
TXN,Active
CAT,Active
QCOM,Active
ISRG,Active
VZ,Active
DIS,Active
AMGN,Active
CMCSA,Active
INTU,Active
GS,Active
NEE,Active
T,Active
RTX,Active
PFE,Active
BKNG,Active
DHR,Active
AMAT,Active
AXP,Active
SPGI,Active
LOW,Active
BLK,Active
UBER,Active
UNP,Active
PGR,Active
MS,Active
HON,Active
ETN,Active
SYK,Active
COP,Active
TJX,Active
BSX,Active
VRTX,Active
C,Active
ADP,Active
BX,Active
LMT,Active
MDT,Active
CB,Active
FI,Active
BMY,Active
GILD,Active
PANW,Active
ADI,Active
SBUX,Active
MU,Active
MMC,Active
TMUS,Active
SCHW,Active
PLD,Active
BA,Active
DE,Active
AMT,Active
SO,Active
ANET,Active
UPS,Active
LRCX,Active
ELV,Active
MO,Active
KKR,Active
NKE,Active
INTC,Active
MDLZ,Active
KLAC,Active
DUK,Active
ICE,Active
REGN,Active
CI,Active
WM,Active
EQIX,Active
SHW,Active
TT,Active
PLTR,Active
CEG,Active
GEV,Active
ZTS,Active
WELL,Active
PYPL,Active
PH,Active
CME,Active
GD,Active
APH,Active
SNPS,Active
ITW,Active
CMG,Active
CL,Active
CDNS,Active
USB,Active
PNC,Active
APO,Active
MSI,Active
MCO,Active
AON,Active
MMM,Active
CVS,Active
CTAS,Active
TDG,Active
NOC,Active
EOG,Active
TGT,Active
APD,Active
MRVL,Active
HCA,Active
BDX,Active
CRWD,Active
ORLY,Active
CSX,Active
CRH,Active
MCK,Active
FCX,Active
WMB,Active
FDX,Active
EMR,Active
COF,Active
ECL,Active
ADSK,Active
AJG,Active
CARR,Active
MAR,Active
ABNB,Active
AFL,Active
HLT,Active
DLR,Active
SLB,Active
TFC,Active
ROP,Active
GM,Active
NSC,Active
OKE,Active
SPOT,Active
TRV,Active
BK,Active
SPG,Active
DASH,Active
URI,Active
PCAR,Active
TTD,Active
SRE,Active
NEM,Active
PSA,Active
AEP,Active
O,Active
AZO,Active
AMP,Active
MPC,Active
PSX,Active
JCI,Active
FIS,Active
DHI,Active
D,Active
FTNT,Active
AIG,Active
WDAY,Active
ALL,Active
RCL,Active
GWW,Active
NU,Active
KMI,Active
FICO,Active
LHX,Active
CCI,Active
MET,Active
ROST,Active
KMB,Active
CPRT,Active
CMI,Active
PAYX,Active
PEG,Active
FAST,Active
APP,Active
MSCI,Active
PRU,Active
PWR,Active
LNG,Active
KVUE,Active
PCG,Active
VST,Active
CTVA,Active
AME,Active
VLO,Active
LEN,Active
RSG,Active
F,Active
HWM,Active
CBRE,Active
EA,Active
SQ,Active
EW,Active
FERG,Active
ODFL,Active
OTIS,Active
MCHP,Active
EXC,Active
VRT,Active
IR,Active
VRSK,Active
GEHC,Active
A,Active
MSTR,Active
BKR,Active
IT,Active
GIS,Active
COR,Active
MNST,Active
SYY,Active
DDOG,Active
HES,Active
XEL,Active
DFS,Active
DAL,Active
KR,Active
IQV,Active
CTSH,Active
YUM,Active
KDP,Active
TRGP,Active
STZ,Active
GLW,Active
IRM,Active
VMC,Active
MLM,Active
SNOW,Active
LULU,Active
MPWR,Active
ACGL,Active
ED,Active
COIN,Active
RMD,Active
DOW,Active
HPQ,Active
DD,Active
EXR,Active
NUE,Active
ALNY,Active
DELL,Active
IDXX,Active
FANG,Active
OXY,Active
ETR,Active
VICI,Active
WAB,Active
CNC,Active
EFX,Active
MTB,Active
HIG,Active
AVB,Active
EIX,Active
WTW,Active
HUM,Active
VEEV,Active
ARES,Active
GRMN,Active
CHTR,Active
AXON,Active
WEC,Active
NDAQ,Active
ROK,Active
ON,Active
FITB,Active
TEAM,Active
CPNG,Active
KHC,Active
CSGP,Active
XYL,Active
PPG,Active
EBAY,Active
TSCO,Active
DXCM,Active
STT,Active
TTWO,Active
RJF,Active
ANSS,Active
MTD,Active
HUBS,Active
AWK,Active
CVNA,Active
PHM,Active
EQR,Active
SW,Active
VTR,Active
NET,Active
ADM,Active
RBLX,Active
NVR,Active
GPN,Active
CAH,Active
UAL,Active
DTE,Active
KEYS,Active
DOV,Active
HSY,Active
TYL,Active
BIIB,Active
IFF,Active
VLTO,Active
HPE,Active
CDW,Active
FTV,Active
BRO,Active
BR,Active
LDOS,Active
DECK,Active
CHD,Active
HAL,Active
SBAC,Active
TROW,Active
DVN,Active
PPL,Active
FE,Active
NTAP,Active
GDDY,Active
BAH,Active
AEE,Active
ES,Active
FCNCA,Active
HUBB,Active
WY,Active
ILMN,Active
CBOE,Active
CPAY,Active
LYB,Active
HBAN,Active
WST,Active
STE,Active
RF,Active
PTC,Active
ZBH,Active
CCL,Active
TPL,Active
SYF,Active
CINF,Active
WDC,Active
EQT,Active
LPLA,Active
TDY,Active
K,Active
EME,Active
CMS,Active
ATO,Active
BLDR,Active
FSLR,Active
PKG,Active
COO,Active
NTRS,Active
MKC,Active
ZM,Active
EXPE,Active
WBD,Active
TRU,Active
MKL,Active
CLX,Active
ARE,Active
CSL,Active
BBY,Active
OMC,Active
LH,Active
ZBRA,Active
EXE,Active
STLD,Active
INVH,Active
WAT,Active
PINS,Active
DRI,Active
MDB,Active
IP,Active
LII,Active
CFG,Active
CNP,Active
PFG,Active
NRG,Active
MOH,Active
LUV,Active
LYV,Active
LVS,Active
BALL,Active
ESS,Active
HOLX,Active
BAX,Active
CTRA,Active
DG,Active
MAA,Active
J,Active
MAS,Active
MRNA,Active
ULTA,Active
FDS,Active
SNA,Active
DGX,Active
WSM,Active
WRB,Active
AVY,Active
TER,Active
ZS,Active
EXPD,Active
RS,Active
TSN,Active
RPM,Active
SUI,Active
FWONK,Active
PODD,Active
PNR,Active
WSO,Active
MANH,Active
DKNG,Active
AMCR,Active
IEX,Active
UTHR,Active
IBKR,Active
GEN,Active
DT,Active
GPC,Active
RBA,Active
DOC,Active
EL,Active
KEY,Active
BURL,Active
NI,Active
ENTG,Active
HOOD,Active
FNF,Active
MRO,Active
HEI-A,Active
EG,Active
PSTG,Active
APTV,Active
KIM,Active
ALGN,Active
TXT,Active
GWRE,Active
OC,Active
LNT,Active
NTNX,Active
AKAM,Active
TW,Active
AVTR,Active
TOL,Active
SSNC,Active
JBHT,Active
CF,Active
EQH,Active
VRSN,Active
THC,Active
XPO,Active
RVTY,Active
CASY,Active
TRMB,Active
DPZ,Active
SMCI,Active
DOCU,Active
NDSN,Active
ACM,Active
TWLO,Active
SWKS,Active
SWK,Active
CE,Active
L,Active
UDR,Active
FIX,Active
RGA,Active
VTRS,Active
USFD,Active
FFIV,Active
FTAI,Active
CAG,Active
JBL,Active
EWBC,Active
JKHY,Active
GGG,Active
EVRG,Active
NTRA,Active
RNR,Active
GLPI,Active
TOST,Active
POOL,Active
DLTR,Active
ROL,Active
TXRH,Active
TTEK,Active
SAIA,Active
CW,Active
ELS,Active
JLL,Active
REG,Active
JNPR,Active
PFGC,Active
SFM,Active
PCVX,Active
BXP,Active
CACI,Active
EMN,Active
EXAS,Active
NVT,Active
BMRN,Active
WPC,Active
BG,Active
HST,Active
ALLE,Active
COHR,Active
CPT,Active
CHRW,Active
INCY,Active
NBIX,Active
SOFI,Active
SRPT,Active
OKTA,Active
SCI,Active
AES,Active
CLH,Active
UHS,Active
AMH,Active
FTI,Active
SJM,Active
KMX,Active
TECH,Active
ITT,Active
LAMR,Active
BWXT,Active
BLD,Active
JEF,Active
LW,Active
OWL,Active
TPR,Active
ENPH,Active
BJ,Active
DKS,Active
ALB,Active
IPG,Active
NCLH,Active
CCK,Active
ATR,Active
PAYC,Active
HEI,Active
MKTX,Active
RRX,Active
LECO,Active
WMS,Active
DUOL,Active
FND,Active
CG,Active
NWSA,Active
RPRX,Active
EPAM,Active
CUBE,Active
OVV,Active
UNM,Active
INSM,Active
AFRM,Active
OHI,Active
CTLT,Active
DAY,Active
FBIN,Active
EHC,Active
CHDN,Active
DOX,Active
PNW,Active
CAVA,Active
WYNN,Active
SF,Active
AA,Active
SOLV,Active
WWD,Active
ONTO,Active
AIZ,Active
ARMK,Active
WTRG,Active
ALSN,Active
CNH,Active
RGLD,Active
LKQ,Active
PRI,Active
FOXA,Active
FHN,Active
TFX,Active
EXP,Active
GNRC,Active
AYI,Active
CIEN,Active
EXEL,Active
Z,Active
MLI,Active
TAP,Active
ALLY,Active
EVR,Active
AFG,Active
GL,Active
HSIC,Active
QGEN,Active
NLY,Active
FRT,Active
MTCH,Active
KNSL,Active
SCCO,Active
CRL,Active
TKO,Active
AIT,Active
REXR,Active
KBR,Active
HAS,Active
NYT,Active
PR,Active
WBS,Active
MUSA,Active
FYBR,Active
HRL,Active
AOS,Active
HLI,Active
DCI,Active
INGR,Active
ITCI,Active
MORN,Active
CPB,Active
FLR,Active
WAL,Active
MOS,Active
LAD,Active
APA,Active
AAL,Active
BRBR,Active
LBRDK,Active
ORI,Active
SNX,Active
ENSG,Active
CMA,Active
X,Active
AXTA,Active
CZR,Active
GLOB,Active
CNM,Active
FN,Active
OLED,Active
DTM,Active
VOYA,Active
MGM,Active
TTC,Active
WING,Active
EGP,Active
WCC,Active
GME,Active
PCTY,Active
RIVN,Active
LNW,Active
PEN,Active
OGE,Active
GMED,Active
GPK,Active
KNX,Active
HRB,Active
RBC,Active
RL,Active
BRX,Active
BERY,Active
FMC,Active
SKX,Active
ROKU,Active
PNFP,Active
CR,Active
MEDP,Active
CHE,Active
WTFC,Active
CHRD,Active
NNN,Active
TPX,Active
RVMD,Active
SMAR,Active
BWA,Active
SSD,Active
APG,Active
LNTH,Active
CFR,Active
ZION,Active
MTZ,Active
SSB,Active
CART,Active
TREX,Active
BF-B,Active
SEIC,Active
AAON,Active
ADC,Active
ACI,Active
BFAM,Active
HII,Active
UFPI,Active
AR,Active
CBSH,Active
VKTX,Active
RGEN,Active
HQY,Active
VNO,Active
COLD,Active
SAIC,Active
RHI,Active
VFC,Active
XP,Active
GNTX,Active
S,Active
WH,Active
AGNC,Active
WEX,Active
DVA,Active
RRC,Active
JXN,Active
SNV,Active
FLS,Active
MIDD,Active
STAG,Active
MHK,Active
CRS,Active
ESAB,Active
QRVO,Active
GXO,Active
HLNE,Active
LSCC,Active
BIO,Active
PCOR,Active
TMHC,Active
FCN,Active
OSK,Active
CGNX,Active
UHAL-B,Active
EXLS,Active
JAZZ,Active
WBA,Active
PB,Active
FR,Active
ANF,Active
BSY,Active
MAT,Active
G,Active
RLI,Active
AZPN,Active
KEX,Active
CVLT,Active
MTH,Active
PLNT,Active
COKE,Active
SIRI,Active
FAF,Active
RYAN,Active
SPXC,Active
CROX,Active
ESNT,Active
GKOS,Active
R,Active
MKSI,Active
AZEK,Active
ATI,Active
BBWI,Active
IVZ,Active
MTG,Active
VMI,Active
LUMN,Active
MTDR,Active
BPOP,Active
SITE,Active
ESTC,Active
HR,Active
CMC,Active
ARW,Active
GTLB,Active
H,Active
CLF,Active
AWI,Active
CFLT,Active
MTN,Active
MOD,Active
HALO,Active
PARA,Active
BEN,Active
NOVT,Active
LPX,Active
BRKR,Active
DAR,Active
MASI,Active
AXS,Active
DBX,Active
DINO,Active
RHP,Active
STWD,Active
GBCI,Active
MTSI,Active
ELAN,Active
AGCO,Active
WSC,Active
NOV,Active
SN,Active
AMG,Active
LSTR,Active
SPSC,Active
BMI,Active
ONB,Active
FRPT,Active
IONS,Active
ALTR,Active
MSA,Active
ESI,Active
BECN,Active
VNT,Active
ETSY,Active
CRUS,Active
BILL,Active
ALK,Active
OLLI,Active
CWST,Active
HRI,Active
COLB,Active
CSWI,Active
LNC,Active
TPG,Active
LFUS,Active
SUM,Active
LAZ,Active
U,Active
WFRD,Active
MMSI,Active
FOUR,Active
NXT,Active
LEA,Active
CBT,Active
VRNS,Active
SIGI,Active
TRNO,Active
USD,Active
CYTK,Active
ELF,Active
BC,Active
MDU,Active
INSP,Active
COOP,Active
KNF,Active
NFG,Active
BPMC,Active
EPRT,Active
SRCL,Verified Delisted
WHR,Active
AVAV,Active
PATH,Active
OMF,Active
POST,Active
BCC,Active
CHX,Active
MATX,Active
MOG-A,Active
ALTM,Active
FOX,Active
PVH,Active
NXST,Active
RITM,Active
JHG,Active
VNOM,Active
HOMB,Active
KBH,Active
KRG,Active
MMS,Active
CELH,Active
ZWS,Active
RMBS,Active
THG,Active
FIVE,Active
ST,Active
THO,Active
TKR,Active
DOCS,Active
RDN,Active
UMBF,Active
VVV,Active
OLN,Active
SON,Active
UBSI,Active
BCPC,Active
GPI,Active
SEE,Active
FNB,Active
HXL,Active
GTLS,Active
ACIW,Active
KD,Active
BYD,Active
UGI,Active
PSN,Active
CNX,Active
IDA,Active
SM,Active
WTS,Active
SKY,Active
RH,Active
AVT,Active
ITRI,Active
ROIV,Active
ZETA,Active
IBP,Active
CIVI,Active
CRNX,Active
BIPC,Active
OZK,Active
NSIT,Active
OGN,Active
HCP,Active
AM,Active
RARE,Active
SLM,Active
BDC,Active
STRL,Active
AUR,Active
CRDO,Active
PECO,Active
POR,Active
EXPO,Active
CADE,Active
SLG,Active
PIPR,Active
AL,Active
SWX,Active
APPF,Active
QTWO,Active
DY,Active
KRC,Active
FSS,Active
FFIN,Active
GATX,Active
TENB,Active
CCCS,Active
EAT,Active
ABG,Active
HWC,Active
AGO,Active
SBRA,Active
LINE,Active
MGY,Active
XRAY,Active
EEFT,Active
CUZ,Active
MARA,Active
LITE,Active
RNA,Active
KTB,Active
NJR,Active
LYFT,Active
MDGL,Active
ACA,Active
BCO,Active
CTRE,Active
MUR,Active
WLK,Active
QLYS,Active
NE,Active
BOX,Active
RYN,Active
MSGS,Active
PRMW,Active
WTM,Active
ASH,Active
PI,Active
SHAK,Active
VRRM,Active
KRYS,Active
SLGN,Active
IRT,Active
FTDR,Active
RDNT,Active
M,Active
DLB,Active
ITGR,Active
CORT,Active
FELE,Active
SFBS,Active
CWAN,Active
ENS,Active
GAP,Active
HASI,Active
KAI,Active
ASGN,Active
LOPE,Active
MHO,Active
FUL,Active
FLO,Active
ORA,Active
ALKS,Active
MAC,Active
HL,Active
RKLB,Active
SKYW,Active
SIG,Active
PLXS,Active
MC,Active
AVNT,Active
AN,Active
VLY,Active
GTES,Active
BEPC,Active
STEP,Active
W,Active
ADMA,Active
CHH,Active
ACHC,Active
SPR,Active
AX,Active
TPH,Active
WK,Active
AEIS,Active
BKH,Active
LRN,Active
WD,Active
WHD,Active
OGS,Active
CALM,Active
ASO,Active
ICUI,Active
KMPR,Active
PII,Active
BOOT,Active
OPCH,Active
HOG,Active
RXO,Active
NWL,Active
ESGR,Active
CRC,Active
FCFS,Active
IIPR,Active
PBH,Active
GMS,Active
TCBI,Active
SR,Active
ABCB,Active
KFY,Active
PRCT,Active
AMTM,Active
HUN,Active
DNB,Active
IRDM,Active
MWA,Active
SANM,Active
UPST,Active
IDCC,Active
IAC,Active
PRIM,Active
CVCO,Active
MSM,Active
HAE,Active
TXNM,Active
FUN,Active
BROS,Active
SKT,Active
BHVN,Active
ALE,Active
JBT,Active
CDP,Active
GFS,Active
CNO,Active
DXC,Active
AEO,Active
HIMS,Active
LBTYK,Active
PRGO,Active
POWI,Active
APLE,Active
WDFC,Active
ASB,Active
EPR,Active
CBZ,Active
SMG,Active
ABM,Active
GVA,Active
NEU,Active
TEX,Active
CCOI,Active
KTOS,Active
ROAD,Active
HCC,Active
FOLD,Active
GLNG,Active
WEN,Active
ACLX,Active
NWS,Active
ZI,Active
HP,Active
HIW,Active
NVST,Active
SG,Active
TNL,Active
CEIX,Active
AXNX,Active
PCH,Active
IBOC,Active
BBIO,Active
ENV,Active
TGTX,Active
AUB,Active
AXSM,Active
NOG,Active
OSCR,Active
SITM,Active
NPO,Active
RNG,Active
LANC,Active
LBTYA,Active
RUSHA,Active
FHB,Active
PJT,Active
ATMU,Active
NHI,Active
PEGA,Active
CNK,Active
SLAB,Active
BXMT,Active
IONQ,Active
SHOO,Active
SXT,Active
MGEE,Active
NMIH,Active
ATGE,Active
ATKR,Active
CBU,Active
PENN,Active
BLKB,Active
SEM,Active
STNE,Active
TDC,Active
AROC,Active
DORM,Active
PTON,Active
AWR,Active
RIG,Active
DNLI,Active
NUVL,Active
FBP,Active
MIR,Active
AMED,Active
ESE,Active
NWE,Active
OTTR,Active
PBF,Active
PK,Active
BL,Active
BHF,Active
BNL,Active
TDS,Active
ICFI,Active
NEOG,Active
BGC,Active
RELY,Active
CLVT,Active
PTEN,Active
CATY,Active
ALIT,Active
CWT,Active
YOU,Active
COLM,Active
BTU,Active
PAG,Active
CARG,Active
MQ,Active
SLVM,Active
YETI,Active
VAL,Active
VCYT,Active
EBC,Active
PTCT,Active
SATS,Active
GNW,Active
CNS,Active
DEI,Active
TDW,Active
FULT,Active
SFNC,Active
UEC,Active
NSA,Active
CACC,Active
SDRL,Active
RUN,Active
WSFS,Active
FORM,Active
LCII,Active
WU,Active
SMPL,Active
NCNO,Active
CRVL,Active
ACLS,Active
BWIN,Active
HTLF,Active
HUBG,Active
VAC,Active
PRGS,Active
SMTC,Active
HGV,Active
MAN,Active
STNG,Active
ASTS,Active
REZI,Active
PATK,Active
TGNA,Active
NSP,Active
UNF,Active
AMKR,Active
BOH,Active
COTY,Active
HHH,Active
ARCH,Active
MPW,Active
FIBK,Active
ZG,Active
PTGX,Active
SPB,Active
POWL,Active
AGIO,Active
APLS,Active
TNET,Active
INDB,Active
TMDX,Active
BUR,Active
NARI,Active
LLYVK,Active
ACVA,Active
SNEX,Active
GHC,Active
LIVN,Active
UCB,Active
DIOD,Active
CPRX,Active
LBRT,Active
BKU,Active
SAM,Active
LXP,Active
SYNA,Active
IOSP,Active
CPK,Active
DOCN,Active
EPAC,Active
MGRC,Active
GFF,Active
VSTO,Active
CC,Active
OUT,Active
EWTX,Active
GSHD,Active
TRN,Active
AGR,Active
IPGP,Active
ALGM,Active
CXT,Active
COMP,Active
GERN,Active
PFS,Active
URBN,Active
PLUS,Active
EVH,Active
JJSF,Active
KLIC,Active
AVA,Active
CDE,Active
PFSI,Active
UE,Active
VIRT,Active
ASTH,Active
CVBF,Active
RIOT,Active
MP,Active
IOVA,Active
RRR,Active
HBI,Active
PINC,Active
DBRG,Active
JWN,Active
VCTR,Active
ALRM,Active
CWEN,Active
APAM,Active
BANF,Active
CLSK,Active
RKT,Active
RYTM,Active
ARCB,Active
BOKF,Active
VSCO,Active
YELP,Active
GH,Active
CCS,Active
FLG,Active
HNI,Active
BFH,Active
FRSH,Active
SHC,Active
AMR,Active
DV,Active
ENVA,Active
VC,Active
AGYS,Active
CORZ,Active
EVTC,Active
AKRO,Active
NMRK,Active
FFBC,Active
PAYO,Active
ENR,Active
BANR,Active
BF-A,Active
DYN,Active
AKR,Active
HAYW,Active
PRK,Active
MBC,Active
RPD,Active
FCPT,Active
IDYA,Active
IPAR,Active
PSMT,Active
MTX,Active
TWST,Active
LAUR,Active
LGIH,Active
OII,Active
ZD,Active
OSIS,Active
WERN,Active
ABR,Active
GT,Active
CPRI,Active
HWKN,Active
KYMR,Active
VERX,Active
AZTA,Active
ARWR,Active
PAR,Active
WNS,Active
VIAV,Active
IESC,Active
DRS,Active
TBBK,Active
IGT,Active
LCID,Active
AHR,Active
PHIN,Active
B,Active
MNKD,Active
ENOV,Active
IRTC,Active
PPBI,Active
TRMK,Active
SGRY,Active
APGE,Active
FIVN,Active
GRBK,Active
SXI,Active
WAFD,Active
SWTX,Active
BRZE,Active
VYX,Active
CNXC,Active
OMCL,Active
NATL,Active
KMT,Active
AAP,Active
INTA,Active
SHO,Active
EQC,Active
TOWN,Active
ADUS,Active
AIR,Active
CRGY,Active
QDEL,Active
RCM,Active
ROCK,Active
VSH,Active
RNST,Active
VSTS,Active
IBTX,Active
IVT,Active
DJT,Active
ADT,Active
CURB,Active
HURN,Active
AIN,Active
KSS,Active
TTMI,Active
BIRK,Active
CWK,Active
KWR,Active
CRI,Active
CAKE,Active
CNMD,Active
PRVA,Active
MYRG,Active
AI,Active
WSBC,Active
BATRK,Active
FRME,Active
PRKS,Active
AMPH,Active
EPC,Active
FLYW,Active
TRUP,Active
UFPT,Active
EXTR,Active
APOG,Active
HI,Active
PLMR,Active
AMBA,Active
NBTB,Active
BANC,Active
SRRK,Active
BCRX,Active
AZZ,Active
NTB,Active
CALX,Active
STRA,Active
TNDM,Active
TFIN,Active
FBK,Active
JOBY,Active
LBPH,Active
PRM,Active
VCEL,Active
MTRN,Active
AGX,Active
ACAD,Active
PPC,Active
QS,Active
GEO,Active
ROG,Active
MYGN,Active
BE,Active
JANX,Active
CABO,Active
GBX,Active
EFSC,Active
INFA,Active
HLMN,Active
SYBT,Active
FWONA,Active
DRH,Active
LZB,Active
ADNT,Active
OI,Active
TXG,Active
FL,Active
LEN-B,Active
PD,Active
THS,Active
UPBD,Active
AVPT,Active
MCY,Active
STC,Active
MSGE,Active
CASH,Active
VSEC,Active
IMVT,Active
KNTK,Active
MLKN,Active
OCUL,Active
KOS,Active
NEO,Active
INSW,Active
OSW,Active
WKC,Active
BEAM,Active
PRG,Active
AGM,Active
ALKT,Active
BHE,Active
JBLU,Active
PZZA,Active
PDCO,Active
HE,Active
KN,Active
OFG,Active
CAR,Active
KAR,Active
ROIC,Active
CGON,Active
PACS,Active
PRDO,Active
SBCF,Active
ANDE,Active
SUPN,Active
TRIP,Active
CHCO,Active
DVAX,Active
CENTA,Active
SCL,Active
CODI,Active
WULF,Active
WRBY,Active
WGO,Active
XHR,Active
GOLF,Active
VECO,Active
LEG,Active
JOE,Active
JAMF,Active
SMMT,Active
WOLF,Active
AMWD,Active
TARS,Active
CLDX,Active
VERA,Active
NRIX,Active
SMR,Active
UAA,Active
GNL,Active
STR,Active
SJW,Active
WVE,Active
HEES,Active
MRCY,Active
HTH,Active
MGNI,Active
PAGS,Active
CXW,Active
LMAT,Active
ZUO,Active
WLY,Active
SNDR,Active
RAMP,Active
BLBD,Active
LILAK,Active
RLJ,Active
WT,Active
ALAB,Active
AVDX,Active
LGND,Active
PEB,Active
RXST,Active
UPWK,Active
TROX,Active
VRDN,Active
CTS,Active
ESRT,Active
GPOR,Active
NVCR,Active
HELE,Active
NGVT,Active
NHC,Active
TGLS,Active
ALG,Active
AMRX,Active
FOXF,Active
KROS,Active
SONO,Active
TNC,Active
UA,Active
HMN,Active
PLUG,Active
ELME,Active
TDOC,Active
ATRC,Active
MIRM,Active
QCRH,Active
REVG,Active
VRE,Active
AMC,Active
GEF,Active
JBGS,Active
NVAX,Active
WABC,Active
NSSC,Active
DDS,Active
CNA,Active
FTRE,Active
REYN,Active
USLM,Active
UCTT,Active
ARVN,Active
BLMN,Active
LKFN,Active
AVDL,Active
VRNT,Active
VRTS,Active
LTC,Active
SOUN,Active
ALEX,Active
DFIN,Active
FCF,Active
HLIO,Active
SKWD,Active
GO,Active
SFL,Active
GTY,Active
LNN,Active
PLAB,Active
STEL,Active
SNDX,Active
MODG,Active
APPN,Active
FBNC,Active
LTH,Active
SASR,Active
MFA,Active
STAA,Active
TALO,Active
ARI,Active
CSGS,Active
NNI,Active
AMN,Active
LC,Active
NBHC,Active
INVA,Active
IART,Active
SPT,Active
IMAX,Active
PCT,Active
SBH,Active
HOPE,Active
NAVI,Active
WGS,Active
INFN,Active
THRM,Active
HLIT,Active
DEA,Active
AESI,Active
NWBI,Active
PLAY,Active
COCO,Active
COMM,Active
ADEA,Active
BLX,Active
INMD,Active
NTCT,Active
WWW,Active
RXRX,Active
ENVX,Active
TPC,Active
AIV,Active
GIII,Active
NX,Active
BUSE,Active
FLNC,Active
KW,Active
UVV,Active
CSTM,Active
NWN,Active
PDM,Active
AAT,Active
LEU,Active
HUT,Active
LOB,Active
NVEE,Active
CUBI,Active
CNNE,Active
OXM,Active
STBA,Active
NIC,Active
HLX,Active
NTLA,Active
LBRDA,Active
ARDX,Active
ELVN,Active
DNOW,Active
SSRM,Active
WAY,Active
XPRO,Active
CSR,Active
EIG,Active
PWP,Active
DHT,Active
GOGL,Active
KALU,Active
EVRI,Active
SLNO,Active
VBTX,Active
LADR,Active
PMT,Active
PRAX,Active
BHLB,Active
CAL,Active
MSEX,Active
PGNY,Active
SPNT,Active
CRAI,Active
XNCR,Active
UNIT,Active
RCKT,Active
TCBK,Active
BKD,Active
COLL,Active
DBD,Active
HROW,Active
JELD,Active
SAFE,Active
CMPR,Active
FBMS,Active
ANIP,Active
DOLE,Active
FIZZ,Active
SCS,Active
TNK,Active
BZH,Active
CHEF,Active
CIM,Active
LFST,Active
VITL,Active
ACMR,Active
ARR,Active
DK,Active
SBSI,Active
CARS,Active
SOC,Active
VSAT,Active
WOR,Active
ECPG,Active
MTTR,Active
SYRE,Active
WMK,Active
WS,Active
PEBO,Active
DHC,Active
SAFT,Active
TVTX,Active
KFRC,Active
CERT,Active
UMH,Active
BKE,Active
ACT,Active
SCSC,Active
WINA,Active
KLG,Active
FDP,Active
SPHR,Active
TPB,Active
UNFI,Active
FBRT,Active
MCRI,Active
MRC,Active
CDNA,Active
COGT,Active
LLYVA,Active
APLD,Active
DCOM,Active
USPH,Active
ASPN,Active
ODP,Active
RDFN,Active
UI,Active
AS,Active
APLT,Active
FIHL,Active
IAS,Active
IE,Active
KURA,Active
AORT,Active
JBI,Active
NMRA,Active
COHU,Active
CBRL,Active
LMB,Active
OCFC,Active
SDGR,Active
TWO,Active
PNTG,Active
SABR,Active
XRX,Active
ATSG,Active
LPG,Active
FA,Active
HCI,Active
AUPH,Active
SXC,Active
BFC,Active
CENX,Active
HOV,Active
IMKTA,Active
ARRY,Active
DAWN,Active
JACK,Active
UTZ,Active
AMSF,Active
ERII,Active
FMBH,Active
NN,Active
RC,Active
BORR,Active
TRS,Active
FIP,Active
GABC,Active
DAN,Active
CRK,Active
FWRD,Active
KNSA,Active
QNST,Active
CGEM,Active
LZ,Active
NXRT,Active
ALHC,Active
SAVA,Active
OPEN,Active
PYCR,Active
SPRY,Active
MD,Active
TRML,Active
XPEL,Active
CFFN,Active
GBTG,Active
DNUT,Active
NBN,Active
SPNS,Active
VICR,Active
BBSI,Active
CNOB,Active
DRVN,Active
TILE,Active
BXC,Active
BDN,Active
DGII,Active
LMND,Active
IBRX,Active
PARR,Active
RSI,Active
TRNS,Active
BRSP,Active
BHRB,Active
NTST,Active
OMI,Active
AMRC,Active
IDT,Active
CMRE,Active
MXL,Active
ORRF,Active
COUR,Active
RVLV,Active
IRON,Active
SRCE,Active
ALGT,Active
ACHR,Active
UUUU,Active
FSLY,Active
LOAR,Active
OEC,Active
PLYM,Active
WTTR,Active
CBL,Active
FIGS,Active
HRMY,Active
LGF-B,Active
MEG,Active
DESP,Active
SEZL,Active
ASAN,Active
DFH,Active
PHR,Active
CDRE,Active
CLB,Active
PRO,Active
SHLS,Active
RWT,Active
EFC,Active
MNRO,Active
THR,Active
UTI,Active
BTSG,Active
BV,Active
CRGX,Active
MBUU,Active
MDXG,Active
PGRE,Active
CXM,Active
EMBC,Active
LQDA,Active
NG,Active
AVNS,Active
BSIG,Active
CIFR,Active
CRMD,Active
HAYN,Active
MCBS,Active
ASIX,Active
BLFS,Active
BJRI,Active
BLND,Active
MMI,Active
AMSC,Active
CWEN-A,Active
HCSG,Active
TREE,Active
MRVI,Active
TMP,Active
ARLO,Active
AVBP,Active
CPF,Active
NABL,Active
OBK,Active
PFC,Active
TGI,Active
ATEN,Active
CWH,Active
CTLP,Active
MRTN,Active
WNC,Active
EXPI,Active
WSR,Active
MATV,Active
EYE,Active
VZIO,Active
DX,Active
HLF,Active
PDFS,Active
TTGT,Active
UWMC,Active
WLFC,Active
PENG,Active
SMBK,Active
AOSL,Active
CMCO,Active
RBCAA,Active
STGW,Active
HFWA,Active
KGS,Active
PLRX,Active
AHCO,Active
BELFB,Active
FOR,Active
CLMB,Active
VVX,Active
ARQT,Active
VTOL,Active
DLX,Active
EGBN,Active
HAIN,Active
REX,Active
ROOT,Active
SEB,Active
SBGI,Active
MBWM,Active
PFBC,Active
CFB,Active
HONE,Active
HSTM,Active
KELYA,Active
AMRK,Active
BRKL,Active
CECO,Active
UVSP,Active
BVS,Active
CTBI,Active
ICHR,Active
MLR,Active
PLTK,Active
VTLE,Active
ZIP,Active
BY,Active
UTL,Active
OSBC,Active
PCRX,Active
RYI,Active
NBBK,Active
PRLB,Active
SWBI,Active
TFSL,Active
AGL,Active
HAFC,Active
NGNE,Active
PRAA,Active
SSTK,Active
HCKT,Active
MBIN,Active
NTGR,Active
PRA,Active
SITC,Active
ZYME,Active
ASTE,Active
DJCO,Active
LMNR,Active
CNXN,Active
SCVL,Active
SIBN,Active
SPTN,Active
CVLG,Active
EOLS,Active
FG,Active
SAH,Active
VVI,Active
ASC,Active
WEAV,Active
ABUS,Active
CSTL,Active
KRRO,Active
MGPI,Active
AGS,Active
VMEO,Active
XMTR,Active
AAOI,Active
RCUS,Active
KREF,Active
MATW,Active
NEXT,Active
NECB,Active
SHEN,Active
TK,Active
UVE,Active
YEXT,Active
AQST,Active
FCBC,Active
HG,Active
OSPN,Active
PRTA,Active
STKL,Active
AKBA,Active
GSAT,Active
GDYN,Active
HTBI,Active
NWPX,Active
DAKT,Active
DNTH,Active
FLNG,Active
KOP,Active
MPB,Active
INN,Active
CCB,Active
ERAS,Active
GRC,Active
MOFG,Active
NCMI,Active
NR,Active
UDMY,Active
FC,Active
HSII,Active
PPTA,Active
CATX,Active
RDVT,Active
NVRI,Active
HPP,Active
SCHL,Active
TRST,Active
BFST,Active
NAPA,Active
ECVT,Active
HY,Active
INOD,Active
MTAL,Active
SANA,Active
AXL,Active
ANNX,Active
EU,Active
HBNC,Active
IBCP,Active
SNCY,Active
UHAL,Active
ATEC,Active
AMAL,Active
EQBK,Active
GLDD,Active
IMXI,Active
NAT,Active
CDMO,Active
BAND,Active
CYH,Active
ETD,Active
NBR,Active
PAX,Active
PUBM,Active
RPAY,Active
NOVA,Active
TALK,Active
AMTB,Active
PSFE,Active
SEI,Active
BMBL,Active
DMRC,Active
RUSHB,Active
SMP,Active
BBW,Active
CMPO,Active
EVGO,Active
JBSS,Active
NRIM,Active
PLSE,Active
QTRX,Active
RGR,Active
AHH,Active
GETY,Active
GDOT,Active
HTBK,Active
NPK,Active
ORIC,Active
SWI,Active
CCBG,Active
IRWD,Active
LXU,Active
AIOT,Active
SEMR,Active
LAB,Active
ETWO,Active
HZO,Active
MLAB,Active
VTS,Active
ANAB,Active
CAC,Active
IMNM,Active
NFE,Active
PGC,Active
PFMT,Active
PHAT,Active
URG,Active
ALT,Active
AMPL,Active
ARCT,Active
BHB,Active
BCML,Active
MSBI,Active
AXGN,Active
CARE,Active
DSGR,Active
DCO,Active
FUBO,Active
GOOD,Active
GDEN,Active
LENZ,Active
AMBP,Active
BASE,Active
KRUS,Active
LINC,Active
MCW,Active
OPK,Active
PFIS,Active
SVRA,Active
SMBC,Active
ESQ,Active
GCMG,Active
LPRO,Active
USAP,Active
VEL,Active
VIR,Active
ZVRA,Active
CMCL,Active
DEC,Active
FMNB,Active
EGY,Active
AMBC,Active
CAPR,Active
CMTG,Active
CLBK,Active
CNDT,Active
GLRE,Active
IBTA,Active
ITIC,Active
LYTS,Active
OFIX,Active
PACB,Active
QTTB,Active
SGHC,Active
ULH,Active
CSV,Active
FRPH,Active
GSBC,Active
LQDT,Active
THRD,Active
BGS,Active
CCO,Active
NFBK,Active
SRDX,Active
ACEL,Active
ADPT,Active
BALY,Active
GNK,Active
HNST,Active
AROW,Active
CASS,Active
FBIZ,Active
FSBW,Active
GCT,Active
HIPO,Active
IIIV,Active
INVX,Active
MTUS,Active
NYMT,Active
TTI,Active
TRUE,Active
ACTG,Active
EVER,Active
INBK,Active
LIF,Active
ARKO,Active
DIN,Active
DXPE,Active
LOCO,Active
LRMR,Active
PUMP,Active
SVC,Active
TIPT,Active
CCRN,Active
CTKB,Active
HBCP,Active
REAX,Active
MCS,Active
ACCO,Active
IRMD,Active
LASR,Active
OLMA,Active
PTLO,Active
HEAR,Active
ABSI,Active
ATRO,Active
CWBC,Active
OLO,Active
TRC,Active
USNA,Active
ACNB,Active
ADCT,Active
CEVA,Active
EBF,Active
EYPT,Active
FRBA,Active
GEF-B,Active
MLNK,Active
ODC,Active
OBT,Active
YMAB,Active
BATRA,Active
EBTC,Active
ESPR,Active
HYLN,Active
MCB,Active
PGY,Active
RVNC,Active
TRTX,Active
BBUC,Active
BCAL,Active
CTO,Active
MAX,Active
RYAM,Active
SENEA,Active
CCNE,Active
TRDA,Active
GRNT,Active
HTLD,Active
RICK,Active
TWKS,Active
UHT,Active
VREX,Active
ETNB,Active
ALX,Active
AVXL,Active
ATXS,Active
CON,Active
TBPH,Active
CCSI,Active
GHM,Active
JMSB,Active
BFS,Active
UIS,Active
PLOW,Active
HUMA,Active
AVO,Active
OLP,Active
WTBA,Active
ZIMV,Active
CELC,Active
CIVB,Active
CLFD,Active
FDBC,Active
GCI,Active
GTN,Active
INST,Active
WASH,Active
WSBF,Active
HOUS,Active
LAND,Active
MNMD,Active
GLUE,Active
REPL,Active
BWB,Active
CVI,Active
EVCM,Active
FPI,Active
THFF,Active
HIFS,Active
MBCN,Active
PTVE,Active
SPFI,Active
SPOK,Active
ADV,Active
CLNE,Active
FMAO,Active
FSBC,Active
FFIC,Active
LIND,Active
RES,Active
UFCS,Active
EE,Active
GPRE,Active
LILA,Active
TSHA,Active
YORW,Active
ARHS,Active
BRY,Active
IIIN,Active
MYE,Active
METC,Active
SHYF,Active
URGN,Active
ALRS,Active
REFI,Active
CLW,Active
GOGO,Active
SLP,Active
XPER,Active
ADTN,Active
CCCC,Active
CWCO,Active
DENN,Active
FLGT,Active
LESL,Active
LGF-A,Active
LOVE,Active
NLOP,Active
RLAY,Active
WRLD,Active
CVGW,Active
CMP,Active
FISI,Active
SD,Active
SFST,Active
ZUMZ,Active
CZNC,Active
HBT,Active
INDI,Active
JAKK,Active
KRNY,Active
OIS,Active
PANL,Active
PAYS,Active
FRST,Active
PACK,Active
RBB,Active
TSBK,Active
ARIS,Active
CHCT,Active
FWRG,Active
KE,Active
PX,Active
PLPC,Active
RRBI,Active
TYRA,Active
DGICA,Active
GMRE,Active
MVBF,Active
BIGC,Active
CHPT,Active
GIC,Active
LXFR,Active
MNTK,Active
TCMD,Active
ANIK,Active
ATEX,Active
DHIL,Active
GNTY,Active
NUVB,Active
ONIT,Active
CLDT,Active
HVT,Active
ILPT,Active
INZY,Active
LSEA,Active
RDUS,Active
FDMT,Active
BMRC,Active
HNRG,Active
LWLG,Active
OCGN,Active
WOOF,Active
RMR,Active
STER,Verified Delisted
VMD,Active
EHAB,Active
HTZ,Active
PL,Active
SHBI,Active
BTBT,Active
FNLC,Active
EAF,Active
ML,Active
RM,Active
AEHR,Active
CNSL,Active
GRAL,Active
OUST,Active
PKST,Active
STOK,Active
THRY,Active
WLDN,Active
KODK,Active
HCAT,Active
MGTX,Active
MITK,Active
KIND,Active
NVEC,Active
DDD,Active
DBI,Active
HRTG,Active
LGTY,Active
TCRX,Active
AURA,Active
BYND,Active
IGMS,Active
MCFT,Active
ZEUS,Active
ONTF,Active
PARAA,Active
SEAT,Active
MXCT,Active
ORC,Active
SLQT,Active
FLWS,Active
CENT,Active
PAHC,Active
REPX,Active
TG,Active
BLFY,Active
DCGO,Active
GRND,Active
HDSN,Active
NRDS,Active
NEWT,Active
RIGL,Active
SIGA,Active
MTW,Active
OOMA,Active
ORGO,Active
PKE,Active
RGP,Active
TSVT,Active
BLDE,Active
FNKO,Active
HOFT,Active
OSUR,Active
RBBN,Active
AMPY,Active
CRCT,Active
FLIC,Active
GCO,Active
MLYS,Active
NNOX,Active
SAGE,Active
SFIX,Active
MEI,Active
MOV,Active
XERS,Active
ALEC,Active
RGNX,Active
SNBR,Active
CZFS,Active
FFWM,Active
OMER,Active
OABI,Active
FNA,Active
TITN,Active
ALDX,Active
CRMT,Active
TERN,Active
KIDS,Active
PBPB,Active
TBI,Active
VPG,Active
BYON,Active
EVLV,Active
FARO,Active
INO,Active
NUS,Active
ONEW,Active
REI,Active
STRO,Active
WOW,Active
AVNW,Active
RCEL,Active
BOC,Active
APPS,Active
ENFN,Active
EPM,Active
FULC,Active
IPI,Active
TH,Active
TWI,Active
UTMD,Active
ACRE,Active
CTOS,Active
IVR,Active
SVV,Active
TNGX,Active
VERV,Active
WTI,Active
BCBP,Active
VNDA,Active
ANGO,Active
BWMN,Active
CYRX,Active
CVRX,Active
LXRX,Active
NRC,Active
CIO,Active
NRGV,Active
KALV,Active
NVTS,Active
RMAX,Active
SEG,Active
WEST,Active
ATNI,Active
BHR,Active
CRSR,Active
BOOM,Active
SMRT,Active
AFCG,Active
ALLO,Active
INSE,Active
IRBT,Active
PLL,Active
SAVE,Active
ZYXI,Active
EGHT,Active
SLRN,Active
AMCX,Active
CMT,Active
GNE,Active
OLPX,Active
BSRR,Active
ALNT,Active
CERS,Active
MGNX,Active
VYGR,Active
AVIR,Active
EB,Active
ULCC,Active
MBI,Active
MED,Active
XPOF,Active
ALTG,Active
LAW,Active
GRWG,Active
NXDT,Active
SB,Active
IHRT,Active
ITOS,Active
OFLX,Active
PSTL,Active
CMPX,Active
DOMO,Active
EDIT,Active
ENTA,Active
EVC,Active
FRGE,Active
CDLX,Active
FORR,Active
IAUX,Active
KOD,Active
ONL,Active
ARAY,Active
CHGG,Active
CDXS,Active
CRBP,Active
LAZR,Active
JRVR,Active
MODV,Active
NVRO,Active
LUNG,Active
TMCI,Active
TCX,Active
AMPS,Active
BMEA,Active
EWCZ,Active
FATE,Active
HRTX,Active
PEPG,Active
ACDC,Active
ACCD,Active
DSGN,Active
GPMT,Active
JOUT,Active
PGEN,Active
SRI,Active
AVD,Active
SSP,Active
GBIO,Active
SCPH,Active
BRCC,Active
HMST,Active
RMNI,Active
SLDP,Active
DH,Active
GPRO,Active
IMMR,Active
MVIS,Active
DXLG,Active
INGN,Active
ASLE,Active
POWW,Active
LYEL,Active
MRSN,Active
PRME,Active
WALD,Active
SKIN,Active
ZNTL,Active
MYPS,Active
TCBX,Active
CRBU,Active
CBAN,Active
TPIC,Active
ASUR,Active
RILY,Active
CABA,Active
FCEL,Active
CVGI,Active
INBX,Active
SSTI,Active
STHO,Active
TNYA,Active
CRNC,Active
SUNS,Active
XFOR,Active
NKTX,Active
OPRX,Active
PROK,Active
VTYX,Active
MASS,Active
QSI,Active
TTEC,Active
SPCE,Active
SES,Active
BLNK,Active
OTLK,Active
SCLX,Active
TDUP,Active
MOND,Active
OB,Active
STEM,Active
AGEN,Active
ALXO,Active
AVTE,Active
IPSC,Active
CHRS,Active
RAPT,Active
HLVX,Active
CPS,Active
BLUE,Active
WLLBW,Active
STX,Active
NXPI,Active
ERIE,Active
TEL,Active
GOLD,Active
VALE,Active
FBGRX,Active
QQQ,Active
-CMG260116P50,Options Contract
-CMG261218P50,Options Contract
RIO,Active
POET,Active
-CMG250620P55,Options Contract
SMH,Active
SPY,Active
CHAT,Active
-IYR250117P95,Options Contract
GLDG,Active
05353D103,Bought Out
WCBR,Active
-SPY240930P540,Options Contract
PAAS,Active
FETH,Active
BN,Active
FBTC,Active
CCJ,Active
SDCCQ,Active
OTLY,Active
VWAGY,Active
